Model,Recall,Accuracy,AUC
Logistic Regression,0.6153846153846154,0.7142857142857143,0.6981397687280041
SVM,0.5128205128205128,0.7551020408163265,0.7049773755656109
Gradient Boosting,0.4358974358974359,0.8367346938775511,0.7093011563599799
Decision Tree,0.38461538461538464,0.7653061224489796,0.6040723981900452
Random Forest,0.358974358974359,0.8401360544217688,0.6979889391654097
